"baseMean","log2FoldChange","lfcSE","stat","pvalue","padj","gene_id","locus_tag","feature_type","gene_symbol","product","EC_number","COG","display_name","plot_label","classification"
28706.9607294761,-2.77172101703133,0.0609729247760117,-45.4582263720076,0,0,"AENJPLPP_00124","AENJPLPP_00124","CDS","rpsB","30S ribosomal protein S2","","COG0052","rpsB","rpsB
(AENJPLPP_00124)","Down in serum"
25858.0513879911,-2.10420810949946,0.0507892962197903,-41.4301489903211,0,0,"AENJPLPP_00186","AENJPLPP_00186","CDS","tig","Trigger factor","5.2.1.8","COG0544","tig","tig
(AENJPLPP_00186)","Down in serum"
5514.36452733146,-5.40165615770392,0.0842192980719451,-64.1379859648023,0,0,"AENJPLPP_00192","AENJPLPP_00192","CDS","glcR","HTH-type transcriptional repressor GlcR","","COG1349","glcR","glcR
(AENJPLPP_00192)","Down in serum"
8954.23551394383,-6.01312052477942,0.101740931857232,-59.1022749154423,0,0,"AENJPLPP_00193","AENJPLPP_00193","CDS","lacC_1","Tagatose-6-phosphate kinase","2.7.1.144","COG1105","lacC_1","lacC_1
(AENJPLPP_00193)","Down in serum"
8279.09119807835,-5.48851048787128,0.0717271404765501,-76.5192987118404,0,0,"AENJPLPP_00194","AENJPLPP_00194","CDS","fruA_1","PTS system fructose-specific EIIABC component","","COG1299","fruA_1","fruA_1
(AENJPLPP_00194)","Down in serum"
2815.40488536868,-3.01925146382854,0.0717532877525582,-42.078231651774,0,0,"AENJPLPP_00331","AENJPLPP_00331","CDS","dxs","1-deoxy-D-xylulose-5-phosphate synthase","2.2.1.7","COG1154","dxs","dxs
(AENJPLPP_00331)","Down in serum"
9602.11834853711,-4.5733184585073,0.0711558932286655,-64.2718157413969,0,0,"AENJPLPP_00344","AENJPLPP_00344","CDS","ahpF","NADH dehydrogenase","1.6.99.3","","ahpF","ahpF
(AENJPLPP_00344)","Down in serum"
2967.06538628846,-4.94452331286833,0.0962187237231088,-51.3883693479173,0,0,"AENJPLPP_00345","AENJPLPP_00345","CDS","ahpC","Alkyl hydroperoxide reductase C","1.11.1.15","COG0450","ahpC","ahpC
(AENJPLPP_00345)","Down in serum"
1909.97533236496,-3.075117952088,0.0779435898129993,-39.4531219240191,0,0,"AENJPLPP_00372","AENJPLPP_00372","CDS","nupC","Nucleoside permease NupC","","COG1972","nupC","nupC
(AENJPLPP_00372)","Down in serum"
2981.62658829253,-3.19668112930989,0.0707881522981482,-45.1584202374147,0,0,"AENJPLPP_00373","AENJPLPP_00373","CDS",NA,"hypothetical protein","","","hypothetical protein","hypothetical protein","Down in serum"
14158.1464662047,-2.08938636099231,0.0523442401558186,-39.9162611735812,0,0,"AENJPLPP_00455","AENJPLPP_00455","CDS","alaS","Alanine--tRNA ligase","6.1.1.7","","alaS","alaS
(AENJPLPP_00455)","Down in serum"
4397.94322706626,-3.25193646825015,0.0685565456393053,-47.4343687816401,0,0,"AENJPLPP_00499","AENJPLPP_00499","CDS","fabZ_1","3-hydroxyacyl-[acyl-carrier-protein] dehydratase FabZ","4.2.1.59","COG0764","fabZ_1","fabZ_1
(AENJPLPP_00499)","Down in serum"
7027.0047513056,-3.64445908668207,0.0751519770606425,-48.4945204268045,0,0,"AENJPLPP_00500","AENJPLPP_00500","CDS","fabI","Enoyl-[acyl-carrier-protein] reductase [NADH] FabI","1.3.1.9","COG0623","fabI","fabI
(AENJPLPP_00500)","Down in serum"
3406.85427305168,-2.82871686916834,0.06662508359016,-42.4572355746526,0,0,"AENJPLPP_00513","AENJPLPP_00513","CDS","pheS","Phenylalanine--tRNA ligase alpha subunit","6.1.1.20","COG0016","pheS","pheS
(AENJPLPP_00513)","Down in serum"
6897.02275152803,-2.31510441580301,0.0594146082386614,-38.9652390958048,0,0,"AENJPLPP_00658","AENJPLPP_00658","CDS","topA","DNA topoisomerase 1","5.6.2.1","","topA","topA
(AENJPLPP_00658)","Down in serum"
8859.19929473621,-2.3486280810679,0.0567710282087583,-41.3701874912594,0,0,"AENJPLPP_00819","AENJPLPP_00819","CDS","yeeN","putative transcriptional regulatory protein YeeN","","COG0217","yeeN","yeeN
(AENJPLPP_00819)","Down in serum"
4481.27732305655,-3.08202303559145,0.0651014407956786,-47.3418560007666,0,0,"AENJPLPP_00820","AENJPLPP_00820","CDS","tmcAL","tRNA(Met) cytidine acetate ligase","6.3.4.-","COG1323","tmcAL","tmcAL
(AENJPLPP_00820)","Down in serum"
7849.13242347991,-2.49008448825799,0.0557287374165683,-44.6822340446149,0,0,"AENJPLPP_00821","AENJPLPP_00821","CDS","COQ5_1","2-methoxy-6-polyprenyl-1,4-benzoquinol methylase, mitochondrial","2.1.1.163","","COQ5_1","COQ5_1
(AENJPLPP_00821)","Down in serum"
4459.81618538347,-2.56063216360313,0.0617882478898073,-41.4420581753628,0,0,"AENJPLPP_00822","AENJPLPP_00822","CDS","rsfS","Ribosomal silencing factor RsfS","","COG0799","rsfS","rsfS
(AENJPLPP_00822)","Down in serum"
6741.40326441857,-2.40310127897755,0.0586509692377724,-40.97291673451,0,0,"AENJPLPP_00823","AENJPLPP_00823","CDS",NA,"hypothetical protein","","","hypothetical protein","hypothetical protein","Down in serum"
9968.25026912934,-2.95832555458948,0.0572628992151931,-51.6621686141343,0,0,"AENJPLPP_00826","AENJPLPP_00826","CDS","yqeH","putative protein YqeH","","COG1161","yqeH","yqeH
(AENJPLPP_00826)","Down in serum"
6733.82153750563,-3.69063245347051,0.0653129624459467,-56.5068910558894,0,0,"AENJPLPP_00827","AENJPLPP_00827","CDS",NA,"hypothetical protein","","","hypothetical protein","hypothetical protein","Down in serum"
14551.7792915243,-4.86522862170363,0.0756103570001031,-64.3460607082836,0,0,"AENJPLPP_00828","AENJPLPP_00828","CDS","accA","Acetyl-coenzyme A carboxylase carboxyl transferase subunit alpha","2.1.3.15","COG0825","accA","accA
(AENJPLPP_00828)","Down in serum"
13957.0304987791,-4.85402126442916,0.0714176625932455,-67.9666778241527,0,0,"AENJPLPP_00829","AENJPLPP_00829","CDS","accD","Acetyl-coenzyme A carboxylase carboxyl transferase subunit beta","2.1.3.15","COG0777","accD","accD
(AENJPLPP_00829)","Down in serum"
27568.4447564291,-5.20526929157303,0.0626268110599445,-83.1156688880535,0,0,"AENJPLPP_00830","AENJPLPP_00830","CDS","cfiB","2-oxoglutarate carboxylase small subunit","6.4.1.7","COG0439","cfiB","cfiB
(AENJPLPP_00830)","Down in serum"
8078.18196439234,-5.34667140074813,0.0951896236738275,-56.1686368155923,0,0,"AENJPLPP_00831","AENJPLPP_00831","CDS","fabZ_2","3-hydroxyacyl-[acyl-carrier-protein] dehydratase FabZ","4.2.1.59","COG0764","fabZ_2","fabZ_2
(AENJPLPP_00831)","Down in serum"
10220.8275714661,-5.22005547377873,0.088557519782705,-58.9453666564654,0,0,"AENJPLPP_00832","AENJPLPP_00832","CDS","accB","Biotin carboxyl carrier protein of acetyl-CoA carboxylase","","","accB","accB
(AENJPLPP_00832)","Down in serum"
19566.0817257621,-5.24241783871974,0.0758102640369289,-69.151821396718,0,0,"AENJPLPP_00833","AENJPLPP_00833","CDS","fabF","3-oxoacyl-[acyl-carrier-protein] synthase 2","2.3.1.179","COG0304","fabF","fabF
(AENJPLPP_00833)","Down in serum"
18080.1676965605,-5.48443551036749,0.069084836278811,-79.3869654439583,0,0,"AENJPLPP_00834","AENJPLPP_00834","CDS","fabG_2","3-oxoacyl-[acyl-carrier-protein] reductase FabG","1.1.1.100","","fabG_2","fabG_2
(AENJPLPP_00834)","Down in serum"
16740.7594828412,-5.63478423621023,0.0747573467922878,-75.3743207589536,0,0,"AENJPLPP_00835","AENJPLPP_00835","CDS","fabD","Malonyl CoA-acyl carrier protein transacylase","2.3.1.39","COG0331","fabD","fabD
(AENJPLPP_00835)","Down in serum"
11845.0102160263,-5.69432751981694,0.086602695515107,-65.7523127420857,0,0,"AENJPLPP_00836","AENJPLPP_00836","CDS","acpA","Acyl carrier protein","","COG0236","acpA","acpA
(AENJPLPP_00836)","Down in serum"
18522.3251739556,-4.46756804823547,0.0705027553211202,-63.3672829932242,0,0,"AENJPLPP_00837","AENJPLPP_00837","CDS","fabH","3-oxoacyl-[acyl-carrier-protein] synthase 3","2.3.1.180","COG0332","fabH","fabH
(AENJPLPP_00837)","Down in serum"
10119.8894015314,-4.46145009742862,0.0693046828923552,-64.3744392331784,0,0,"AENJPLPP_00838","AENJPLPP_00838","CDS",NA,"hypothetical protein","","","hypothetical protein","hypothetical protein","Down in serum"
11433.8909701577,-2.25598541676734,0.055147973479265,-40.9078570695906,0,0,"AENJPLPP_00874","AENJPLPP_00874","CDS","greA","Transcription elongation factor GreA","","COG0782","greA","greA
(AENJPLPP_00874)","Down in serum"
50219.5721754604,-3.0875121927659,0.0503574092278996,-61.3119745456507,0,0,"AENJPLPP_01020","AENJPLPP_01020","CDS","rplL","50S ribosomal protein L7/L12","","COG0222","rplL","rplL
(AENJPLPP_01020)","Down in serum"
109931.619997051,-2.87260701626015,0.073930030884484,-38.8557529584779,0,0,"AENJPLPP_01021","AENJPLPP_01021","CDS","rplJ","50S ribosomal protein L10","","","rplJ","rplJ
(AENJPLPP_01021)","Down in serum"
25838.3592036584,-2.54799801998822,0.058084026848577,-43.8674478722139,0,0,"AENJPLPP_01022","AENJPLPP_01022","CDS","rplA","50S ribosomal protein L1","","","rplA","rplA
(AENJPLPP_01022)","Down in serum"
30434.9987511828,-2.61873362008808,0.0569048734596988,-46.019496413479,0,0,"AENJPLPP_01023","AENJPLPP_01023","CDS","rplK","50S ribosomal protein L11","","","rplK","rplK
(AENJPLPP_01023)","Down in serum"
4850.41198619534,-2.42844004372001,0.0618652235511571,-39.2537180717031,0,0,"AENJPLPP_01082","AENJPLPP_01082","CDS","ackA","Acetate kinase","2.7.2.1","COG0282","ackA","ackA
(AENJPLPP_01082)","Down in serum"
4099.93386590632,-3.48462937164851,0.0709742501661932,-49.0970931498242,0,0,"AENJPLPP_01083","AENJPLPP_01083","CDS",NA,"hypothetical protein","","","hypothetical protein","hypothetical protein","Down in serum"
21730.184130808,-4.37458902434767,0.0627022685978218,-69.7676355604722,0,0,"AENJPLPP_01153","AENJPLPP_01153","CDS",NA,"putative ABC transporter ATP-binding protein","","COG1132","putative ABC transporter ATP-binding protein","putative ABC transporter ATP-binding protein","Down in serum"
16121.6348687381,-4.15408466197413,0.0674769270799348,-61.5630385339436,0,0,"AENJPLPP_01154","AENJPLPP_01154","CDS",NA,"putative ABC transporter ATP-binding protein","","COG1132","putative ABC transporter ATP-binding protein","putative ABC transporter ATP-binding protein","Down in serum"
18627.6806156097,-2.99785983682253,0.0648017771276987,-46.2620003601897,0,0,"AENJPLPP_01357","AENJPLPP_01357","CDS","rpsI","30S ribosomal protein S9","","COG0103","rpsI","rpsI
(AENJPLPP_01357)","Down in serum"
29463.1161612886,-4.00825489463333,0.0611257733838513,-65.5738925291416,0,0,"AENJPLPP_01358","AENJPLPP_01358","CDS","rplM","50S ribosomal protein L13","","","rplM","rplM
(AENJPLPP_01358)","Down in serum"
34949.6510287943,-2.30701805864486,0.0524027455432306,-44.0247554728147,0,0,"AENJPLPP_01473","AENJPLPP_01473","CDS","rpsL","30S ribosomal protein S12","","COG0048","rpsL","rpsL
(AENJPLPP_01473)","Down in serum"
15640.5966962808,-2.60944315670037,0.0573586176188785,-45.4934805793074,0,0,"AENJPLPP_01482","AENJPLPP_01482","CDS","rpsS","30S ribosomal protein S19","","COG0185","rpsS","rpsS
(AENJPLPP_01482)","Down in serum"
15915.5201801914,-2.44158284961373,0.0617430579710138,-39.5442488572556,0,0,"AENJPLPP_01483","AENJPLPP_01483","CDS","rplV","50S ribosomal protein L22","","COG0091","rplV","rplV
(AENJPLPP_01483)","Down in serum"
32325.9817258286,-2.561365872151,0.060875955889545,-42.0751647300358,0,0,"AENJPLPP_01487","AENJPLPP_01487","CDS","rpsQ","30S ribosomal protein S17","","COG0186","rpsQ","rpsQ
(AENJPLPP_01487)","Down in serum"
17981.6109901857,-2.58877318557969,0.0549509338383775,-47.1106313351076,0,0,"AENJPLPP_01488","AENJPLPP_01488","CDS","rplN","50S ribosomal protein L14","","COG0093","rplN","rplN
(AENJPLPP_01488)","Down in serum"
37447.076892309,-2.53404652719622,0.0635419038506628,-39.8799276325081,0,0,"AENJPLPP_01489","AENJPLPP_01489","CDS","rplX","50S ribosomal protein L24","","","rplX","rplX
(AENJPLPP_01489)","Down in serum"
20872.206851362,-2.60473410618656,0.0575084304842366,-45.2930828446194,0,0,"AENJPLPP_01490","AENJPLPP_01490","CDS","rplE","50S ribosomal protein L5","","COG0094","rplE","rplE
(AENJPLPP_01490)","Down in serum"
12786.5811708052,-2.75131065210494,0.0682488150837775,-40.3129438764267,0,0,"AENJPLPP_01491","AENJPLPP_01491","CDS","rpsZ","30S ribosomal protein S14 type Z","","COG0199","rpsZ","rpsZ
(AENJPLPP_01491)","Down in serum"
25914.6080493391,-2.33030491208234,0.0525996745727938,-44.3026488473305,0,0,"AENJPLPP_01493","AENJPLPP_01493","CDS","rplF","50S ribosomal protein L6","","","rplF","rplF
(AENJPLPP_01493)","Down in serum"
24357.5223530939,-2.62056648400508,0.0578233908524615,-45.3201800408341,0,0,"AENJPLPP_01494","AENJPLPP_01494","CDS","rplR","50S ribosomal protein L18","","COG0256","rplR","rplR
(AENJPLPP_01494)","Down in serum"
33796.4598197894,-2.48075422802862,0.0590890653452539,-41.9833045849299,0,0,"AENJPLPP_01495","AENJPLPP_01495","CDS","rpsE","30S ribosomal protein S5","","COG0098","rpsE","rpsE
(AENJPLPP_01495)","Down in serum"
7171.83144171061,-2.61251900387875,0.0578376625816582,-45.1698579656511,0,0,"AENJPLPP_01496","AENJPLPP_01496","CDS","rpmD","50S ribosomal protein L30","","COG1841","rpmD","rpmD
(AENJPLPP_01496)","Down in serum"
84414.3482633207,-2.71988431503039,0.0565364057465617,-48.1085466809287,0,0,"AENJPLPP_01498","AENJPLPP_01498","CDS","secY","Protein translocase subunit SecY","","","secY","secY
(AENJPLPP_01498)","Down in serum"
26118.709920207,-2.94516084128871,0.0544475152623526,-54.0917400380458,0,0,"AENJPLPP_01499","AENJPLPP_01499","CDS","adk","Adenylate kinase","2.7.4.3","","adk","adk
(AENJPLPP_01499)","Down in serum"
16291.0295886143,-2.33891350739409,0.0549444726953326,-42.5686769324984,0,0,"AENJPLPP_01502","AENJPLPP_01502","CDS","rpsM","30S ribosomal protein S13","","COG0099","rpsM","rpsM
(AENJPLPP_01502)","Down in serum"
13045.0503924342,-2.54504048525664,0.0608842164189062,-41.8013178940468,0,0,"AENJPLPP_01503","AENJPLPP_01503","CDS","rpsK","30S ribosomal protein S11","","","rpsK","rpsK
(AENJPLPP_01503)","Down in serum"
56802.6845458282,-2.27341341192338,0.0581074644681233,-39.1242920807624,0,0,"AENJPLPP_01505","AENJPLPP_01505","CDS","rplQ","50S ribosomal protein L17","","COG0203","rplQ","rplQ
(AENJPLPP_01505)","Down in serum"
5229.52044524473,-4.76920204181012,0.0722124190862441,-66.0440697342407,0,0,"AENJPLPP_01761","AENJPLPP_01761","CDS",NA,"hypothetical protein","","","hypothetical protein","hypothetical protein","Down in serum"
1796.06824969128,-4.11920644772632,0.0901810382053979,-45.6770794581489,0,0,"AENJPLPP_01762","AENJPLPP_01762","CDS","gadC_2","putative glutamate/gamma-aminobutyrate antiporter","","COG0531","gadC_2","gadC_2
(AENJPLPP_01762)","Down in serum"
1585.5759005721,-3.37282715292526,0.0835808872517134,-40.3540482020442,0,0,"AENJPLPP_01779","AENJPLPP_01779","CDS",NA,"hypothetical protein","","","hypothetical protein","hypothetical protein","Down in serum"
2764.08479264979,-2.73562510776836,0.0679619536297807,-40.2523023789242,0,0,"AENJPLPP_01807","AENJPLPP_01807","CDS","treA","Trehalose-6-phosphate hydrolase","3.2.1.93","COG0366","treA","treA
(AENJPLPP_01807)","Down in serum"
8225.36167437644,-2.61023133492933,0.0622141040588796,-41.955620424253,0,0,"AENJPLPP_01942","AENJPLPP_01942","CDS","prsA_3","Foldase protein PrsA","5.2.1.8","","prsA_3","prsA_3
(AENJPLPP_01942)","Down in serum"
1881.57208867846,-4.8754071176184,0.105190453303646,-46.3483801476253,0,0,"AENJPLPP_01961","AENJPLPP_01961","CDS","yvdD","LOG family protein YvdD","","COG1611","yvdD","yvdD
(AENJPLPP_01961)","Down in serum"
2629.40262805611,-4.16448449579014,0.0786778994793041,-52.9308042455503,0,0,"AENJPLPP_01962","AENJPLPP_01962","CDS",NA,"hypothetical protein","","","hypothetical protein","hypothetical protein","Down in serum"
3303.45240019959,-3.70713903611607,0.0732853938706115,-50.5849643472092,0,0,"AENJPLPP_01963","AENJPLPP_01963","CDS",NA,"Deoxyguanosine kinase","2.7.1.113","COG1428","Deoxyguanosine kinase","Deoxyguanosine kinase","Down in serum"
2681.1713521564,-2.93817362384309,0.0756129567405849,-38.8580707658802,0,0,"AENJPLPP_02092","AENJPLPP_02092","CDS","dauA","C4-dicarboxylic acid transporter DauA","","COG0659","dauA","dauA
(AENJPLPP_02092)","Down in serum"
37590.540869081,-2.42582310527565,0.0604603192816123,-40.1225652477394,0,0,"AENJPLPP_02094","AENJPLPP_02094","CDS","rplU","50S ribosomal protein L21","","COG0261","rplU","rplU
(AENJPLPP_02094)","Down in serum"
7972.13642667022,-2.1915034698092,0.0557730399575005,-39.2932404523608,0,0,"AENJPLPP_02131","AENJPLPP_02131","CDS","ileS","Isoleucine--tRNA ligase","6.1.1.5","COG0060","ileS","ileS
(AENJPLPP_02131)","Down in serum"
1561.68044441909,-3.26153095912252,0.0817059843575425,-39.9178956690636,0,0,"AENJPLPP_02581","AENJPLPP_02581","CDS","glyQ","Glycine--tRNA ligase alpha subunit","6.1.1.14","COG0752","glyQ","glyQ
(AENJPLPP_02581)","Down in serum"
2423.17497597926,-4.41139902710595,0.0927888256584882,-47.5423521722564,0,0,"AENJPLPP_02832","AENJPLPP_02832","CDS",NA,"hypothetical protein","","","hypothetical protein","hypothetical protein","Down in serum"
4577.15175027627,-2.8340535506336,0.0634134357310068,-44.69168903977,0,0,"AENJPLPP_02833","AENJPLPP_02833","CDS","scrB_1","Sucrose-6-phosphate hydrolase","3.2.1.26","","scrB_1","scrB_1
(AENJPLPP_02833)","Down in serum"
6342.59924655731,-2.58363812058188,0.0680678454818059,-37.9568076864203,2.97947258069492e-315,5.37253941164855e-314,"AENJPLPP_01477","AENJPLPP_01477","CDS","rpsJ","30S ribosomal protein S10","","COG0051","rpsJ","rpsJ
(AENJPLPP_01477)","Down in serum"
26226.0493894396,-2.762319610594,0.0728515097858275,-37.9171223590947,1.34412966829443e-314,2.40837410816707e-313,"AENJPLPP_01497","AENJPLPP_01497","CDS","rplO","50S ribosomal protein L15","","","rplO","rplO
(AENJPLPP_01497)","Down in serum"
4309.59506157672,-2.31363165901888,0.0610965288324493,-37.868463286413,8.50672663404489e-314,1.50515894381101e-312,"AENJPLPP_02048","AENJPLPP_02048","CDS","pyrG","CTP synthase","6.3.4.2","COG0504","pyrG","pyrG
(AENJPLPP_02048)","Down in serum"
9729.83326791621,-2.27392478889046,0.060125284291991,-37.819776083676,5.37673430447275e-313,9.45436945091007e-312,"AENJPLPP_01551","AENJPLPP_01551","CDS","gla","Glycerol facilitator-aquaporin gla","","COG0580","gla","gla
(AENJPLPP_01551)","Down in serum"
3826.66191802606,-2.49089234701028,0.0658985453262401,-37.7988973000657,1.18466554235411e-312,2.0702395990152e-311,"AENJPLPP_00382","AENJPLPP_00382","CDS","murJ_1","Lipid II flippase MurJ","","COG2244","murJ_1","murJ_1
(AENJPLPP_00382)","Down in serum"
11883.0522924869,-2.0056705086539,0.0533233714133477,-37.6133476840111,1.30079526189923e-309,2.24545816246142e-308,"AENJPLPP_00893","AENJPLPP_00893","CDS","arnC_2","Undecaprenyl-phosphate 4-deoxy-4-formamido-L-arabinose transferase","2.4.2.53","","arnC_2","arnC_2
(AENJPLPP_00893)","Down in serum"
12521.4324050731,-2.25996105569537,0.0604386344621217,-37.3926558038259,5.14335109008036e-306,8.66715889048661e-305,"AENJPLPP_01656","AENJPLPP_01656","CDS","rplT","50S ribosomal protein L20","","COG0292","rplT","rplT
(AENJPLPP_01656)","Down in serum"
7070.71543197849,-2.08885618386268,0.0561408314175565,-37.207432293378,5.1745548639255e-303,8.51695629056574e-302,"AENJPLPP_01655","AENJPLPP_01655","CDS","rpmI","50S ribosomal protein L35","","COG0291","rpmI","rpmI
(AENJPLPP_01655)","Down in serum"
2412.50665610279,-2.68470514663122,0.072295840304292,-37.1349877853461,7.65963537240992e-302,1.25343512943887e-300,"AENJPLPP_01727","AENJPLPP_01727","CDS","pbuG","Guanine/hypoxanthine permease PbuG","","COG2252","pbuG","pbuG
(AENJPLPP_01727)","Down in serum"
33958.0045710264,-2.15943538965674,0.0581896956842917,-37.1102712303697,1.9185844466402e-301,3.1215589473784e-300,"AENJPLPP_00125","AENJPLPP_00125","CDS","tsf","Elongation factor Ts","","COG0264","tsf","tsf
(AENJPLPP_00125)","Down in serum"
2332.38312170957,-2.70017779481275,0.0732176151971101,-36.8788001021826,1.01071903420517e-297,1.62576453740615e-296,"AENJPLPP_00383","AENJPLPP_00383","CDS","degV","Protein DegV","","COG1307","degV","degV
(AENJPLPP_00383)","Down in serum"
35144.4372889027,-2.01210207953768,0.05513000818697,-36.4974021537192,1.21932609661582e-291,1.92844255839071e-290,"AENJPLPP_01474","AENJPLPP_01474","CDS","rpsG","30S ribosomal protein S7","","COG0049","rpsG","rpsG
(AENJPLPP_01474)","Down in serum"
6498.82555221265,-2.03411593043505,0.0557397107078651,-36.4931196197979,1.42576382606223e-291,2.24240966199009e-290,"AENJPLPP_01436","AENJPLPP_01436","CDS","ybiT_3","putative ABC transporter ATP-binding protein YbiT","","COG0488","ybiT_3","ybiT_3
(AENJPLPP_01436)","Down in serum"
19744.0962273015,-2.71054925826686,0.0744544757633208,-36.4054575695795,3.48944744418578e-290,5.45780426214914e-289,"AENJPLPP_01492","AENJPLPP_01492","CDS","rpsH","30S ribosomal protein S8","","COG0096","rpsH","rpsH
(AENJPLPP_01492)","Down in serum"
32355.6108263376,-2.20193203153451,0.0607762430232785,-36.2301439180953,2.04176434451074e-287,3.17595321940105e-286,"AENJPLPP_01481","AENJPLPP_01481","CDS","rplB","50S ribosomal protein L2","","COG0090","rplB","rplB
(AENJPLPP_01481)","Down in serum"
2222.3419945295,-2.65764752683578,0.0735401869105431,-36.1387105266491,5.59692389179283e-286,8.65841067631995e-285,"AENJPLPP_00997","AENJPLPP_00997","CDS",NA,"hypothetical protein","","","hypothetical protein","hypothetical protein","Down in serum"
119361.697079646,-2.2283578742831,0.0617353859885453,-36.0953096607602,2.68677448712774e-285,4.11149112057223e-284,"AENJPLPP_02049","AENJPLPP_02049","CDS","fba","Fructose-bisphosphate aldolase","4.1.2.13","COG0191","fba","fba
(AENJPLPP_02049)","Down in serum"
4176.09578081318,-2.34430466300784,0.0652949806833773,-35.9032905511625,2.71411369464739e-282,4.04402940502461e-281,"AENJPLPP_00362","AENJPLPP_00362","CDS","cfa","Cyclopropane-fatty-acyl-phospholipid synthase","2.1.1.79","COG2230","cfa","cfa
(AENJPLPP_00362)","Down in serum"
1962.78866461755,-2.67008938101211,0.0751341157027961,-35.5376430006048,1.28952836330565e-276,1.88178082294758e-275,"AENJPLPP_02555","AENJPLPP_02555","CDS","nfo","putative endonuclease 4","3.1.21.2","COG0648","nfo","nfo
(AENJPLPP_02555)","Down in serum"
930.767819922492,-4.19734633489589,0.118408182723661,-35.4481104121965,3.10178928422645e-275,4.48018646104341e-274,"AENJPLPP_01778","AENJPLPP_01778","CDS","emrB","Multidrug export protein EmrB","","","emrB","emrB
(AENJPLPP_01778)","Down in serum"
3003.79053276206,-2.3232916229713,0.0669730780560694,-34.6899334838135,1.11746948437163e-263,1.56611688626539e-262,"AENJPLPP_00202","AENJPLPP_00202","CDS",NA,"putative RNA methyltransferase","2.1.1.-","COG2265","putative RNA methyltransferase","putative RNA methyltransferase","Down in serum"
13196.400679217,-2.15574336243938,0.0628632154508953,-34.2926041402274,1.01151572834714e-257,1.40372599360331e-256,"AENJPLPP_02095","AENJPLPP_02095","CDS",NA,"hypothetical protein","","","hypothetical protein","hypothetical protein","Down in serum"
6727.17331920742,-2.63732519923554,0.077074297209697,-34.217959744221,1.30735371543106e-256,1.7966594021288e-255,"AENJPLPP_00824","AENJPLPP_00824","CDS","nadD","Nicotinate-nucleotide adenylyltransferase","2.7.7.18","COG1057","nadD","nadD
(AENJPLPP_00824)","Down in serum"
4024.12704002456,-2.15693110082439,0.0630486365636906,-34.2105907182544,1.68260960486375e-256,2.30119216974362e-255,"AENJPLPP_00154","AENJPLPP_00154","CDS","hrcA","Heat-inducible transcription repressor HrcA","","COG1420","hrcA","hrcA
(AENJPLPP_00154)","Down in serum"
3129.02876411258,-2.10401482968749,0.062437697604742,-33.6978285619503,6.21993714644879e-249,8.30596323660213e-248,"AENJPLPP_00895","AENJPLPP_00895","CDS","btuD_1","Vitamin B12 import ATP-binding protein BtuD","7.6.2.8","","btuD_1","btuD_1
(AENJPLPP_00895)","Down in serum"
4110.9680426483,-2.28730407644452,0.0684838281127481,-33.3991854643235,1.40881726203155e-244,1.8464637355608e-243,"AENJPLPP_00487","AENJPLPP_00487","CDS","apt","Adenine phosphoribosyltransferase","2.4.2.7","COG0503","apt","apt
(AENJPLPP_00487)","Down in serum"
7403.30365821151,-2.011499508445,0.0605004949501877,-33.2476537605378,2.20708811756855e-242,2.8793854658233e-241,"AENJPLPP_02582","AENJPLPP_02582","CDS","glyS","Glycine--tRNA ligase beta subunit","6.1.1.14","COG0751","glyS","glyS
(AENJPLPP_02582)","Down in serum"
1336.65759038576,-2.76501216687445,0.0832314610694583,-33.2207572875237,5.39981561170901e-242,7.01232935630652e-241,"AENJPLPP_00825","AENJPLPP_00825","CDS",NA,"RNA-binding protein","","COG1534","RNA-binding protein","RNA-binding protein","Down in serum"
29288.3975060777,-2.27067302060795,0.0683514852197881,-33.2205366614415,5.43957415487234e-242,7.03170522029387e-241,"AENJPLPP_01559","AENJPLPP_01559","CDS","rpsD","30S ribosomal protein S4","","COG0522","rpsD","rpsD
(AENJPLPP_01559)","Down in serum"
6121.13996438023,-2.41145092440349,0.0727877546847842,-33.1298984952423,1.10318189937693e-240,1.41959452597095e-239,"AENJPLPP_01886","AENJPLPP_01886","CDS","glcU_2","putative glucose uptake protein GlcU","","COG4975","glcU_2","glcU_2
(AENJPLPP_01886)","Down in serum"
2965.64644215404,-2.22200306360573,0.0673282938307951,-33.0025155425729,7.47474482225362e-239,9.53198314945946e-238,"AENJPLPP_00545","AENJPLPP_00545","CDS","zosA","Zinc-transporting ATPase","3.6.3.-","COG2217","zosA","zosA
(AENJPLPP_00545)","Down in serum"
1453.165393721,-2.7025418212122,0.0819388354657063,-32.9824289770788,1.45100736867364e-238,1.84206361467043e-237,"AENJPLPP_02747","AENJPLPP_02747","CDS","alsS_1","Acetolactate synthase","2.2.1.6","COG0028","alsS_1","alsS_1
(AENJPLPP_02747)","Down in serum"
18134.4804825629,-2.15640712531053,0.0654985903502308,-32.9229547350545,1.03180619993934e-237,1.29824148979035e-236,"AENJPLPP_01479","AENJPLPP_01479","CDS","rplD","50S ribosomal protein L4","","COG0088","rplD","rplD
(AENJPLPP_01479)","Down in serum"
2952.25336406239,-2.18891564229571,0.066687756469456,-32.8233510644231,2.73474123730507e-236,3.41059578978442e-235,"AENJPLPP_01162","AENJPLPP_01162","CDS",NA,"putative ABC transporter ATP-binding protein","","COG1132","putative ABC transporter ATP-binding protein","putative ABC transporter ATP-binding protein","Down in serum"
844.969582674532,-5.40311969817849,0.164905365695441,-32.7649720516514,1.85840645018497e-235,2.29744482990116e-234,"AENJPLPP_01842","AENJPLPP_01842","CDS","lacS","Lactose permease","","COG2190","lacS","lacS
(AENJPLPP_01842)","Down in serum"
21897.8249159777,-2.3692144243446,0.0724186556615215,-32.7155261679823,9.39424591574331e-235,1.15630913858562e-233,"AENJPLPP_01485","AENJPLPP_01485","CDS","rplP","50S ribosomal protein L16","","COG0197","rplP","rplP
(AENJPLPP_01485)","Down in serum"
4299.93513113017,-2.03533257670463,0.0623454238011773,-32.6460620942351,9.11366501247847e-234,1.11691712771976e-232,"AENJPLPP_00894","AENJPLPP_00894","CDS",NA,"hypothetical protein","","","hypothetical protein","hypothetical protein","Down in serum"
1474.82359483846,-2.49482510451582,0.0765123202095454,-32.6068415868609,3.28056511484239e-233,3.98595701292652e-232,"AENJPLPP_01016","AENJPLPP_01016","CDS","ybiT_1","putative ABC transporter ATP-binding protein YbiT","","COG0488","ybiT_1","ybiT_1
(AENJPLPP_01016)","Down in serum"
10943.651418851,-2.46081389299514,0.0757747906669872,-32.4753637896521,2.37574431426177e-231,2.87424451011755e-230,"AENJPLPP_01501","AENJPLPP_01501","CDS","rpmJ","50S ribosomal protein L36","","COG0257","rpmJ","rpmJ
(AENJPLPP_01501)","Down in serum"
3924.95489502785,-2.11910739177566,0.0659827445413042,-32.1160843870193,2.62919399686214e-226,3.14061105701127e-225,"AENJPLPP_00155","AENJPLPP_00155","CDS","grpE","Protein GrpE","","","grpE","grpE
(AENJPLPP_00155)","Down in serum"
43910.6801473059,-2.34814326316826,0.0733222964831406,-32.0249552427504,4.90123539612767e-225,5.80560560938805e-224,"AENJPLPP_01504","AENJPLPP_01504","CDS","rpoA","DNA-directed RNA polymerase subunit alpha","2.7.7.6","COG0202","rpoA","rpoA
(AENJPLPP_01504)","Down in serum"
47885.5514287445,-2.32921965424634,0.0730541561767272,-31.88346531047,4.52643851178587e-223,5.29518488713463e-222,"AENJPLPP_01484","AENJPLPP_01484","CDS","rpsC","30S ribosomal protein S3","","COG0092","rpsC","rpsC
(AENJPLPP_01484)","Down in serum"
1538.00086302115,-2.58545399475093,0.081187749246186,-31.8453709920082,1.52561376655208e-222,1.77737142926294e-221,"AENJPLPP_02834","AENJPLPP_02834","CDS","degA_4","HTH-type transcriptional regulator DegA","","COG1609","degA_4","degA_4
(AENJPLPP_02834)","Down in serum"
3504.77398657721,-2.04845972487828,0.0645096310898359,-31.7543239710299,2.76751714689813e-221,3.19789430321167e-220,"AENJPLPP_02609","AENJPLPP_02609","CDS","yidC","Membrane protein insertase YidC","","","yidC","yidC
(AENJPLPP_02609)","Down in serum"
1158.39240538392,-2.66263434538947,0.0850114583484658,-31.3208877616852,2.42467270965539e-215,2.71314167629818e-214,"AENJPLPP_00095","AENJPLPP_00095","CDS","folA_1","Dihydrofolate reductase","1.5.1.3","","folA_1","folA_1
(AENJPLPP_00095)","Down in serum"
1306.16940896601,-2.69067741314818,0.0866913857270177,-31.0374253518204,1.68631874217879e-211,1.86483139027662e-210,"AENJPLPP_00637","AENJPLPP_00637","CDS",NA,"hypothetical protein","","","hypothetical protein","hypothetical protein","Down in serum"
1300.00698362132,-2.89733164259907,0.0940413642832897,-30.8091196324116,1.97806725395471e-208,2.14555877239302e-207,"AENJPLPP_00896","AENJPLPP_00896","CDS","tagG","Teichoic acid translocation permease protein TagG","","COG1682","tagG","tagG
(AENJPLPP_00896)","Down in serum"
2173.76288543292,-2.24896563122916,0.0748589968945776,-30.0426899173701,2.72025072341227e-198,2.85223325851116e-197,"AENJPLPP_01972","AENJPLPP_01972","CDS","mgtA","Magnesium-transporting ATPase, P-type 1","7.2.2.14","COG0474","mgtA","mgtA
(AENJPLPP_01972)","Down in serum"
1844.12392943435,-2.74900240139027,0.0915462548615339,-30.028562124668,4.16006409949878e-198,4.3458086589229e-197,"AENJPLPP_00380","AENJPLPP_00380","CDS","ygaZ_1","Inner membrane protein YgaZ","","COG1296","ygaZ_1","ygaZ_1
(AENJPLPP_00380)","Down in serum"
10492.679652055,-2.58171772447748,0.086147817853993,-29.9684633782958,2.5289832961192e-197,2.60347334956853e-196,"AENJPLPP_01500","AENJPLPP_01500","CDS","infA","Translation initiation factor IF-1","","COG0361","infA","infA
(AENJPLPP_01500)","Down in serum"
2429.18048160472,-2.06581043123859,0.069447703490051,-29.7462742095501,1.93764080758408e-194,1.9521213972493e-193,"AENJPLPP_01815","AENJPLPP_01815","CDS",NA,"Deoxyguanosine kinase","2.7.1.113","COG1428","Deoxyguanosine kinase","Deoxyguanosine kinase","Down in serum"
6026.32276850872,-2.40375103166693,0.080909799558441,-29.7090222047912,5.87165148073547e-194,5.87372626924456e-193,"AENJPLPP_00548","AENJPLPP_00548","CDS","rpsT","30S ribosomal protein S20","","","rpsT","rpsT
(AENJPLPP_00548)","Down in serum"
2253.54741806597,-2.2276248920809,0.0755516878689567,-29.4847799554748,4.51233929114126e-191,4.45102178857871e-190,"AENJPLPP_00686","AENJPLPP_00686","CDS","cmk","Cytidylate kinase","2.7.4.25","COG0283","cmk","cmk
(AENJPLPP_00686)","Down in serum"
1552.15834405251,-2.64596697105589,0.0903839725645991,-29.2747363938309,2.1754211941153e-188,2.1163633678833e-187,"AENJPLPP_01568","AENJPLPP_01568","CDS",NA,"hypothetical protein","","","hypothetical protein","hypothetical protein","Down in serum"
3231.75196678527,-2.01750745212111,0.0698892937223082,-28.8671890166366,3.08353829347836e-183,2.90983230294575e-182,"AENJPLPP_00674","AENJPLPP_00674","CDS",NA,"hypothetical protein","","","hypothetical protein","hypothetical protein","Down in serum"
1107.43372547836,-2.75927486992386,0.0960994396300601,-28.7127050953245,2.64810556794167e-181,2.46604831014568e-180,"AENJPLPP_00374","AENJPLPP_00374","CDS",NA,"hypothetical protein","","","hypothetical protein","hypothetical protein","Down in serum"
1995.20298536431,-2.16111392878459,0.0752954479991401,-28.7017872422948,3.62424285330222e-181,3.35301683584921e-180,"AENJPLPP_01289","AENJPLPP_01289","CDS","dus","putative tRNA-dihydrouridine synthase","1.3.1.-","","dus","dus
(AENJPLPP_01289)","Down in serum"
4321.99986787905,-2.4457280237559,0.0861484239579089,-28.3897013014522,2.70996781227647e-177,2.43552980208085e-176,"AENJPLPP_01887","AENJPLPP_01887","CDS","yhdG","putative amino acid permease YhdG","","COG0531","yhdG","yhdG
(AENJPLPP_01887)","Down in serum"
1702.1025837707,-2.11023963857708,0.0754168254267629,-27.9810191775618,2.7657945474569e-172,2.43166595150636e-171,"AENJPLPP_00495","AENJPLPP_00495","CDS","menH_1","2-succinyl-6-hydroxy-2,4-cyclohexadiene-1-carboxylate synthase","4.2.99.20","","menH_1","menH_1
(AENJPLPP_00495)","Down in serum"
469.272986407043,-4.08478066401633,0.146837983914112,-27.8182834926799,2.6071160594717e-170,2.26403238170687e-169,"AENJPLPP_00371","AENJPLPP_00371","CDS","gmk_1","Guanylate kinase","2.7.4.8","COG0194","gmk_1","gmk_1
(AENJPLPP_00371)","Down in serum"
1504.23648252852,-2.06900632994941,0.074566153218169,-27.7472585168208,1.8803916109306e-169,1.6279475995549e-168,"AENJPLPP_00656","AENJPLPP_00656","CDS","xerC_4","Tyrosine recombinase XerC","","COG4974","xerC_4","xerC_4
(AENJPLPP_00656)","Down in serum"
1260.67367195127,-2.35431510002231,0.0849362676915084,-27.7186078928411,4.1664998597645e-169,3.59614667774186e-168,"AENJPLPP_01917","AENJPLPP_01917","CDS","metN2","Methionine import ATP-binding protein MetN 2","3.6.3.-","COG1135","metN2","metN2
(AENJPLPP_01917)","Down in serum"
904.386907777722,-2.54007338642665,0.0916404216844661,-27.7178273488589,4.25774508034011e-169,3.66373140499783e-168,"AENJPLPP_01278","AENJPLPP_01278","CDS","ptsG_2","PTS system glucose-specific EIICBA component","2.7.1.199","COG1263","ptsG_2","ptsG_2
(AENJPLPP_01278)","Down in serum"
16229.8661959911,-2.10156163789803,0.0765108018124867,-27.4675155417735,4.29221935848637e-166,3.64903093209457e-165,"AENJPLPP_02052","AENJPLPP_02052","CDS","rpmE2","50S ribosomal protein L31 type B","","COG0254","rpmE2","rpmE2
(AENJPLPP_02052)","Down in serum"
2087.98161295798,-2.63389854128749,0.0968818954559278,-27.1866949845719,9.33070517828932e-163,7.79210217101388e-162,"AENJPLPP_02674","AENJPLPP_02674","CDS",NA,"hypothetical protein","","","hypothetical protein","hypothetical protein","Down in serum"
648.221571743917,-2.94796162977091,0.109318123822843,-26.9668150776925,3.62294903826436e-160,2.99899670389661e-159,"AENJPLPP_01795","AENJPLPP_01795","CDS",NA,"hypothetical protein","","","hypothetical protein","hypothetical protein","Down in serum"
1418.52055858127,-2.21153792643853,0.0823334494195452,-26.8607466592251,6.3175764848221e-159,5.16909220477785e-158,"AENJPLPP_01650","AENJPLPP_01650","CDS","galK_1","Galactokinase","2.7.1.6","","galK_1","galK_1
(AENJPLPP_01650)","Down in serum"
2856.48747958632,-2.07068289038626,0.0778072777540745,-26.6129718216215,4.80445121686764e-156,3.86403448720235e-155,"AENJPLPP_01391","AENJPLPP_01391","CDS","rlhA","23S rRNA 5-hydroxycytidine synthase","","COG0826","rlhA","rlhA
(AENJPLPP_01391)","Down in serum"
860.184915541328,-2.3760082472562,0.0893025359720587,-26.6062796693659,5.74235428412908e-156,4.60527053211599e-155,"AENJPLPP_00675","AENJPLPP_00675","CDS",NA,"hypothetical protein","","","hypothetical protein","hypothetical protein","Down in serum"
1613.37352019535,-2.23049328513041,0.0841769891481746,-26.4976605566651,1.03130998294687e-154,8.24756655853839e-154,"AENJPLPP_02078","AENJPLPP_02078","CDS","dltA","D-alanine--D-alanyl carrier protein ligase","6.2.1.54","COG1020","dltA","dltA
(AENJPLPP_02078)","Down in serum"
1595.36756549382,-2.28531956010038,0.0868215541713921,-26.3220300754924,1.07322137527203e-152,8.53452166684019e-152,"AENJPLPP_01796","AENJPLPP_01796","CDS","bceA_1","Bacitracin export ATP-binding protein BceA","","COG1136","bceA_1","bceA_1
(AENJPLPP_01796)","Down in serum"
7395.39623882111,-2.55601381355278,0.0973418966142828,-26.258105733043,5.77572955126058e-152,4.55462127008878e-151,"AENJPLPP_01486","AENJPLPP_01486","CDS","rpmC","50S ribosomal protein L29","","COG0255","rpmC","rpmC
(AENJPLPP_01486)","Down in serum"
728.63002987243,-2.6593413892808,0.101285394534029,-26.255921710285,6.11713244667471e-152,4.81044498792669e-151,"AENJPLPP_01911","AENJPLPP_01911","CDS",NA,"hypothetical protein","","","hypothetical protein","hypothetical protein","Down in serum"
982.857054248154,-2.15979249127098,0.085531941877995,-25.2512972796965,1.09600830969955e-140,8.2084643512154e-140,"AENJPLPP_01998","AENJPLPP_01998","CDS",NA,"hypothetical protein","","","hypothetical protein","hypothetical protein","Down in serum"
2174.07916992356,-2.13272889692339,0.0852551823924901,-25.0158270391695,4.11257727252148e-138,3.03987108577241e-137,"AENJPLPP_00655","AENJPLPP_00655","CDS","hslV","ATP-dependent protease subunit HslV","3.4.25.2","COG5405","hslV","hslV
(AENJPLPP_00655)","Down in serum"
33051.1403111647,-2.11990360702777,0.0848399779469599,-24.9870834284408,8.44714091323718e-138,6.21139114944791e-137,"AENJPLPP_01478","AENJPLPP_01478","CDS","rplC","50S ribosomal protein L3","","COG0087","rplC","rplC
(AENJPLPP_01478)","Down in serum"
853.491714969177,-2.44364517722714,0.098571039660656,-24.7907010582389,1.12938985143236e-135,8.19821197283333e-135,"AENJPLPP_00277","AENJPLPP_00277","CDS","prsA_1","Foldase protein PrsA","5.2.1.8","","prsA_1","prsA_1
(AENJPLPP_00277)","Down in serum"
1008.74243486127,-2.88664401839576,0.116663519861695,-24.7433304071219,3.65762364516944e-135,2.64151340292722e-134,"AENJPLPP_00094","AENJPLPP_00094","CDS","rpmGA_1","50S ribosomal protein L33 1","","","rpmGA_1","rpmGA_1
(AENJPLPP_00094)","Down in serum"
682.426502096052,-2.4918935539438,0.101291096679004,-24.6013088577837,1.22309202695228e-133,8.72184767834234e-133,"AENJPLPP_01277","AENJPLPP_01277","CDS","sacY","Levansucrase and sucrase synthesis operon antiterminator","","COG3711","sacY","sacY
(AENJPLPP_01277)","Down in serum"
1172.43318990953,-2.14602338877641,0.0894579916673529,-23.9891746816354,3.60719924019992e-127,2.49072708512341e-126,"AENJPLPP_00113","AENJPLPP_00113","CDS","rimI","[Ribosomal protein S18]-alanine N-acetyltransferase","2.3.1.266","COG0456","rimI","rimI
(AENJPLPP_00113)","Down in serum"
375.854302820719,-3.38329540989956,0.144809430114679,-23.3637782236987,9.98344216243753e-121,6.60353382286463e-120,"AENJPLPP_02705","AENJPLPP_02705","CDS",NA,"hypothetical protein","","","hypothetical protein","hypothetical protein","Down in serum"
1126.07709781215,-2.04635971026539,0.0876337970841237,-23.3512614807845,1.33808146394669e-120,8.80955494054202e-120,"AENJPLPP_01630","AENJPLPP_01630","CDS","tgt","Queuine tRNA-ribosyltransferase","2.4.2.29","","tgt","tgt
(AENJPLPP_01630)","Down in serum"
2035.94450951575,-2.04639804654392,0.0877380718721586,-23.3239459550204,2.53421000291034e-120,1.66458202279331e-119,"AENJPLPP_00498","AENJPLPP_00498","CDS",NA,"hypothetical protein","","","hypothetical protein","hypothetical protein","Down in serum"
385.524161999231,-3.02792886457732,0.133306606976926,-22.7140194566757,3.25651635784238e-114,2.08579135951398e-113,"AENJPLPP_00231","AENJPLPP_00231","CDS",NA,"hypothetical protein","","","hypothetical protein","hypothetical protein","Down in serum"
571.585139139858,-2.40971860887854,0.107296994240414,-22.4583980747794,1.05939119897928e-111,6.64997003173028e-111,"AENJPLPP_01076","AENJPLPP_01076","CDS",NA,"Putative 3-methyladenine DNA glycosylase","3.2.2.-","","Putative 3-methyladenine DNA glycosylase","Putative 3-methyladenine DNA glycosylase","Down in serum"
763.457772939003,-2.13698977316354,0.0962755655916681,-22.1965953669607,3.7047005967732e-109,2.28496893016665e-108,"AENJPLPP_00111","AENJPLPP_00111","CDS","tsaB","tRNA threonylcarbamoyladenosine biosynthesis protein TsaB","","COG1214","tsaB","tsaB
(AENJPLPP_00111)","Down in serum"
11838.6124761736,-2.06078839867319,0.0933937943161978,-22.065581699102,6.769237243962e-108,4.15698712313589e-107,"AENJPLPP_02673","AENJPLPP_02673","CDS","rpsP","30S ribosomal protein S16","","COG0228","rpsP","rpsP
(AENJPLPP_02673)","Down in serum"
525.427871328551,-2.35976419500742,0.108174024088419,-21.8145179944364,1.68941034970601e-105,1.02413719486461e-104,"AENJPLPP_02830","AENJPLPP_02830","CDS","gmuE_5","Putative fructokinase","2.7.1.4","COG1940","gmuE_5","gmuE_5
(AENJPLPP_02830)","Down in serum"
519.879690273978,-2.45189584653059,0.114367966097889,-21.4386591821698,5.8268383873325e-102,3.4152752535276e-101,"AENJPLPP_00876","AENJPLPP_00876","CDS","pbpX_1","Putative penicillin-binding protein PbpX","","COG1680","pbpX_1","pbpX_1
(AENJPLPP_00876)","Down in serum"
456.657396969872,-2.42369639085424,0.113716759523545,-21.3134493192485,8.51827979911024e-101,4.94164961296744e-100,"AENJPLPP_01148","AENJPLPP_01148","CDS",NA,"hypothetical protein","","","hypothetical protein","hypothetical protein","Down in serum"
363.028759656727,-2.70696341980512,0.127472754371307,-21.2356235115167,4.47711778761203e-100,2.56573288597766e-99,"AENJPLPP_01272","AENJPLPP_01272","CDS",NA,"hypothetical protein","","","hypothetical protein","hypothetical protein","Down in serum"
506.146953731794,-2.30480244589377,0.109997371291142,-20.953250235348,1.75252271486818e-97,9.88325060914703e-97,"AENJPLPP_00352","AENJPLPP_00352","CDS",NA,"hypothetical protein","","","hypothetical protein","hypothetical protein","Down in serum"
613.860736066098,-2.24679209420822,0.107884666006831,-20.8258706020925,2.52299302289307e-96,1.41437490055649e-95,"AENJPLPP_00118","AENJPLPP_00118","CDS","arcC1","Carbamate kinase 1","2.7.2.2","","arcC1","arcC1
(AENJPLPP_00118)","Down in serum"
471.420265325747,-2.02867455121681,0.109789249394013,-18.4778979946959,3.11066197031374e-76,1.48503946677204e-75,"AENJPLPP_01788","AENJPLPP_01788","CDS","gltC_2","HTH-type transcriptional regulator GltC","","","gltC_2","gltC_2
(AENJPLPP_01788)","Down in serum"
215.466042512067,-3.10629511562045,0.174654635948601,-17.7853573639729,9.17763647902023e-71,4.13724345097233e-70,"AENJPLPP_00381","AENJPLPP_00381","CDS",NA,"hypothetical protein","","","hypothetical protein","hypothetical protein","Down in serum"
203.128099872441,-3.02788752416638,0.173454479169405,-17.4563812861193,3.07840236128849e-68,1.35325420571548e-67,"AENJPLPP_01763","AENJPLPP_01763","CDS","nhaC_1","Na(+)/H(+) antiporter NhaC","","COG1757","nhaC_1","nhaC_1
(AENJPLPP_01763)","Down in serum"
334.872503003383,-2.21345599061623,0.128162068677608,-17.2707573578903,7.81105747903979e-67,3.38638648134175e-66,"AENJPLPP_02025","AENJPLPP_02025","CDS",NA,"hypothetical protein","","","hypothetical protein","hypothetical protein","Down in serum"
744.042613408943,-2.15939593995926,0.126002931207428,-17.1376643326212,7.77101222251547e-66,3.30823091758516e-65,"AENJPLPP_01420","AENJPLPP_01420","CDS","rpmH","50S ribosomal protein L34","","","rpmH","rpmH
(AENJPLPP_01420)","Down in serum"
251.583603311924,-2.47058710260985,0.146995878042499,-16.8071862661045,2.16192408841719e-63,8.97420395059982e-63,"AENJPLPP_01752","AENJPLPP_01752","CDS",NA,"hypothetical protein","","","hypothetical protein","hypothetical protein","Down in serum"
319.550703260633,-2.23997048385491,0.137263451215316,-16.3187684997168,7.25851418663619e-60,2.93555052319529e-59,"AENJPLPP_00407","AENJPLPP_00407","CDS","ybbH_1","putative HTH-type transcriptional regulator YbbH","","COG1737","ybbH_1","ybbH_1
(AENJPLPP_00407)","Down in serum"
321.552627438147,-2.25903861362635,0.145167592846801,-15.5615903613582,1.32758698652606e-54,5.02459727119691e-54,"AENJPLPP_00521","AENJPLPP_00521","CDS",NA,"hypothetical protein","","","hypothetical protein","hypothetical protein","Down in serum"
224.647871764335,-2.51521196295309,0.16200565003018,-15.525458294106,2.33331121953346e-54,8.80747208333229e-54,"AENJPLPP_01268","AENJPLPP_01268","CDS",NA,"hypothetical protein","","","hypothetical protein","hypothetical protein","Down in serum"
343.852882978365,-2.12822647995596,0.138362343316055,-15.3815440599654,2.17693616481608e-53,8.11977112331269e-53,"AENJPLPP_00333","AENJPLPP_00333","CDS","nanE_1","Putative N-acetylmannosamine-6-phosphate 2-epimerase","5.1.3.9","","nanE_1","nanE_1
(AENJPLPP_00333)","Down in serum"
164.938710407597,-3.1201686702446,0.204203137400482,-15.2797293418923,1.0437330450353e-52,3.85242275162312e-52,"AENJPLPP_01764","AENJPLPP_01764","CDS","nhaC_2","Na(+)/H(+) antiporter NhaC","","COG1757","nhaC_2","nhaC_2
(AENJPLPP_01764)","Down in serum"
124.044545412851,-3.38346496847486,0.232113940882997,-14.5767417312534,3.94920372283153e-48,1.38027107893038e-47,"AENJPLPP_01789","AENJPLPP_01789","CDS","ydfK","putative membrane protein YdfK","","COG1811","ydfK","ydfK
(AENJPLPP_01789)","Down in serum"
274.824308545531,-2.28022245443432,0.163645267317704,-13.9339346124044,3.9403628050543e-44,1.30622565586753e-43,"AENJPLPP_02748","AENJPLPP_02748","CDS","alsS_2","Acetolactate synthase","2.2.1.6","COG0028","alsS_2","alsS_2
(AENJPLPP_02748)","Down in serum"
121.080361748935,-3.2689398322819,0.234787976554509,-13.9229439269135,4.59577336111393e-44,1.52171162401328e-43,"AENJPLPP_00395","AENJPLPP_00395","CDS",NA,"putative ABC transporter permease","","COG0577","putative ABC transporter permease","putative ABC transporter permease","Down in serum"
224.63784440442,-2.26572360911397,0.164598155234719,-13.7651822760894,4.1284168673798e-43,1.34960140318155e-42,"AENJPLPP_01856","AENJPLPP_01856","CDS","ribZ_2","Riboflavin transporter RibZ","","","ribZ_2","ribZ_2
(AENJPLPP_01856)","Down in serum"
282.298687038073,-2.05532318514361,0.151081083679839,-13.6041067159613,3.78565482300248e-42,1.21786236408182e-41,"AENJPLPP_01287","AENJPLPP_01287","CDS",NA,"hypothetical protein","","","hypothetical protein","hypothetical protein","Down in serum"
136.746160720124,-2.62900940002765,0.199114311740036,-13.2035180045726,8.37314096106885e-40,2.59064066238098e-39,"AENJPLPP_00283","AENJPLPP_00283","CDS","sttH","Streptothricin hydrolase","3.5.2.19","","sttH","sttH
(AENJPLPP_00283)","Down in serum"
159.100658479593,-2.05378498652898,0.182292661779654,-11.2664161380862,1.92236268657696e-29,5.1052615062846e-29,"AENJPLPP_00335","AENJPLPP_00335","CDS",NA,"hypothetical protein","","","hypothetical protein","hypothetical protein","Down in serum"
92.6247385875988,-2.75830587999301,0.248341169327343,-11.1069215284125,1.16093045877515e-28,3.04878861669058e-28,"AENJPLPP_00318","AENJPLPP_00318","CDS",NA,"hypothetical protein","","","hypothetical protein","hypothetical protein","Down in serum"
54.7200105966142,-3.26290762458076,0.338131420588428,-9.6498208267736,4.92416893383839e-22,1.16557878358666e-21,"AENJPLPP_02325","AENJPLPP_02325","CDS",NA,"hypothetical protein","","","hypothetical protein","hypothetical protein","Down in serum"
86.1631128439868,-2.19286618286853,0.230162517152549,-9.52746872078709,1.61164917302399e-21,3.76761255890249e-21,"AENJPLPP_02473","AENJPLPP_02473","CDS","lhpI","Delta(1)-pyrroline-2-carboxylate reductase","1.5.1.49","COG2423","lhpI","lhpI
(AENJPLPP_02473)","Down in serum"
77.7284727210676,-2.35105738188389,0.251553171969758,-9.34616472324403,9.08835966672941e-21,2.10033846665396e-20,"AENJPLPP_01416","AENJPLPP_01416","CDS",NA,"hypothetical protein","","","hypothetical protein","hypothetical protein","Down in serum"
48.3227428099396,-3.06207070931609,0.345457793128661,-8.86380556531739,7.73285657124624e-19,1.71834512976437e-18,"AENJPLPP_01251","AENJPLPP_01251","CDS","sigH","RNA polymerase sigma-H factor","","COG1595","sigH","sigH
(AENJPLPP_01251)","Down in serum"
59.1001523713417,-2.33442909683421,0.279641705594723,-8.34792897529182,6.94703273356262e-17,1.48767395376065e-16,"AENJPLPP_02339","AENJPLPP_02339","CDS",NA,"hypothetical protein","","","hypothetical protein","hypothetical protein","Down in serum"
64.5682846669486,-2.09304125156221,0.258751686762042,-8.08899558396714,6.0158752377312e-16,1.26248649355204e-15,"AENJPLPP_00472","AENJPLPP_00472","CDS",NA,"hypothetical protein","","","hypothetical protein","hypothetical protein","Down in serum"
39.4639369007824,-2.47445100739739,0.349373717313315,-7.08253335833594,1.41542674499602e-12,2.73520349152473e-12,"AENJPLPP_02039","AENJPLPP_02039","CDS",NA,"hypothetical protein","","","hypothetical protein","hypothetical protein","Down in serum"
22.6516208898758,-4.10204998251508,0.63207981189655,-6.48976585758515,8.5969875831289e-11,1.57019818373148e-10,"AENJPLPP_02059","AENJPLPP_02059","CDS",NA,"hypothetical protein","","","hypothetical protein","hypothetical protein","Down in serum"
40.4665832631905,-2.10133035849439,0.325840795608323,-6.44894803479516,1.12629169496233e-10,2.053143456818e-10,"AENJPLPP_00399","AENJPLPP_00399","CDS",NA,"hypothetical protein","","","hypothetical protein","hypothetical protein","Down in serum"
40.2121108495309,-2.09676393232908,0.327859555614882,-6.39531133505233,1.60220559750853e-10,2.90572969029253e-10,"AENJPLPP_01933","AENJPLPP_01933","CDS",NA,"hypothetical protein","","","hypothetical protein","hypothetical protein","Down in serum"
30.9248086661372,-2.79090864520477,0.439969462669542,-6.34341444579076,2.24727795551734e-10,4.05225725609528e-10,"AENJPLPP_02912","AENJPLPP_02912","CDS",NA,"IS3 family transposase ISEfa8","","","IS3 family transposase ISEfa8","IS3 family transposase ISEfa8","Down in serum"
19.4637653172194,-3.15924159485665,0.554292925355274,-5.69958852141534,1.20096950861654e-08,2.05310669015303e-08,"AENJPLPP_00397","AENJPLPP_00397","CDS","hrtA_1","Putative hemin import ATP-binding protein HrtA","3.6.3.-","COG1136","hrtA_1","hrtA_1
(AENJPLPP_00397)","Down in serum"
22.5009422485893,-2.24693065259751,0.439066107271402,-5.11752243087304,3.09575255265156e-07,5.0571699229986e-07,"AENJPLPP_02983","AENJPLPP_02983","CDS",NA,"hypothetical protein","","","hypothetical protein","hypothetical protein","Down in serum"
18.3344725805379,-2.25630994785764,0.489557486350202,-4.60887640525959,4.04850897109509e-06,6.36033790076038e-06,"AENJPLPP_03107","AENJPLPP_03107","CDS",NA,"hypothetical protein","","","hypothetical protein","hypothetical protein","Down in serum"
19.6301111016356,-2.26764251860558,0.500730595061143,-4.52866779256555,5.93567356378868e-06,9.26855590683163e-06,"AENJPLPP_01331","AENJPLPP_01331","CDS",NA,"hypothetical protein","","","hypothetical protein","hypothetical protein","Down in serum"
10.8416095528519,-4.87378688609973,1.11280104946698,-4.37974684552482,1.18817260573939e-05,1.83508818704213e-05,"AENJPLPP_00396","AENJPLPP_00396","CDS","lolD_1","Lipoprotein-releasing system ATP-binding protein LolD","3.6.3.-","COG1136","lolD_1","lolD_1
(AENJPLPP_00396)","Down in serum"
17.1245940128083,-2.1104341410917,0.492218471950543,-4.28759638525664,1.80616893308246e-05,2.76243341413098e-05,"AENJPLPP_01265","AENJPLPP_01265","CDS","yfmO_1","Multidrug efflux protein YfmO","","","yfmO_1","yfmO_1
(AENJPLPP_01265)","Down in serum"
9.49198650701437,-2.96732736458382,0.756631529831486,-3.92176012707889,8.7904480217078e-05,0.000129951740728223,"AENJPLPP_01836","AENJPLPP_01836","CDS",NA,"IS3 family transposase ISEfa10","","","IS3 family transposase ISEfa10","IS3 family transposase ISEfa10","Down in serum"
